Name,QuestId,DisplayName,Chapter,RegionId,ActorId,Summary,WindowStart,WindowEnd,CompletionFlag,RewardMask,bRewardsHeartFragment
q.bellwether.blastmask,q.bellwether.blastmask,The Bomb Bag Thief,1,bellwether.town,npc.bombshop.matron,A thief takes the old woman's bomb bag on the road north on the first night. Be standing there when he does.,"(Day=1,Hour=18,Minute=0)","(Day=1,Hour=23,Minute=59)",perm.quest.blastmask,BlastMask,false
q.bellwether.sleepless,q.bellwether.sleepless,What the Pawnbroker Bought,4,bellwether.town,npc.pawnbroker,The same thief sells what he took. Catch him at the shop counter after midnight and buy it back.,"(Day=1,Hour=0,Minute=0)","(Day=2,Hour=6,Minute=0)",perm.quest.sleepless,SleeplessMask,false
q.bellwether.postman,q.bellwether.postman,The Round Nobody Ran,4,bellwether.town,npc.postman,"The postman keeps to his schedule until the last day, when he cannot make himself leave. Run it for him.","(Day=3,Hour=6,Minute=0)","(Day=3,Hour=5,Minute=59)",perm.quest.postman,CourierCap,false
q.bellwether.bandleader,q.bellwether.bandleader,Nobody Marches Any More,4,bellwether.town,npc.bandleader,The bandleader drills an empty square every morning. Fall in behind him.,"(Day=1,Hour=6,Minute=0)","(Day=3,Hour=5,Minute=59)",perm.quest.marchmask,MarchMask,false
q.bellwether.altar,q.bellwether.altar,Waiting at the Altar,4,bellwether.town,npc.bride,A woman has been waiting at an empty altar since the carnival was announced. Ask her who for.,"(Day=1,Hour=6,Minute=0)","(Day=3,Hour=5,Minute=59)",perm.quest.lostson,LostSonMask,false
q.bellwether.couple,q.bellwether.couple,Both Halves in One Room,12,bellwether.town,npc.bride,"Carry the letters, find the man in hiding, and get the two of them into the same room before the last dawn.","(Day=3,Hour=18,Minute=0)","(Day=3,Hour=5,Minute=59)",perm.quest.betrothal,BetrothalMask,false
q.bellwether.fountain,q.bellwether.fountain,The Scattered Spirit,2,bellwether.town,npc.fountain.spirit,The fountain spirit has come apart. Gather the pieces loose in the town and carry them back.,"(Day=1,Hour=6,Minute=0)","(Day=3,Hour=5,Minute=59)",perm.quest.gracemask,GraceMask,false
q.bellwether.clocktower,q.bellwether.clocktower,Climbing the Tower,1,bellwether.town,npc.clockmaster,The tower opens on the last night. Be at the top of it when it does.,"(Day=3,Hour=18,Minute=0)","(Day=3,Hour=5,Minute=59)",perm.quest.towerclimb,None,false
q.mirefen.witch,q.mirefen.witch,Mushrooms from the Deep Wood,2,mirefen.swamp,npc.witch,The witch's sister has gone looking for mushrooms and not come back. Go and get both.,"(Day=1,Hour=6,Minute=0)","(Day=3,Hour=5,Minute=59)",perm.quest.keennose,KeenNoseMask,false
q.mirefen.spiders,q.mirefen.spiders,The Gold in the Spider House,2,mirefen.swamp,npc.spiderhouse.keeper,"Thirty gold spiders in the house at the swamp's edge, and a curse that lifts when the last one is out.","(Day=1,Hour=6,Minute=0)","(Day=3,Hour=5,Minute=59)",perm.quest.truthmask,TruthMask,false
q.mirefen.monkey,q.mirefen.monkey,Nobody Listens to the Monkey,2,mirefen.swamp,npc.monkey,A monkey is being blamed for the poisoned water. Hear it out before the guards do anything about it.,"(Day=1,Hour=6,Minute=0)","(Day=3,Hour=5,Minute=59)",perm.quest.monkeyheard,None,false
q.mirefen.tour,q.mirefen.tour,The Boat Tour,2,mirefen.swamp,npc.boatman,The tour runs whether or not the water is fit to run it through. Shoot every target on the way past.,"(Day=1,Hour=6,Minute=0)","(Day=3,Hour=5,Minute=59)",perm.quest.boattour,None,true
q.mirefen.gatemerchant,q.mirefen.gatemerchant,Hiding from the Gate Guard,4,mirefen.swamp,npc.merchant,"A merchant is pressed into the rocks by the swamp gate, waiting for a soldier to look elsewhere.","(Day=1,Hour=6,Minute=0)","(Day=3,Hour=5,Minute=59)",perm.quest.unseen,UnseenMask,false
q.outskirts.hare,q.outskirts.hare,A Picture of a Thing,2,bellwether.outskirts,npc.fieldman,"The man in the field wants proof of something nobody believes in, and will trade for it.","(Day=1,Hour=6,Minute=0)","(Day=3,Hour=5,Minute=59)",perm.quest.harehood,HareHood,false
q.outskirts.hole,q.outskirts.hole,The Tallest Tale in Town,2,bellwether.outskirts,npc.taleteller,The story about the hole in the ground turns out to be true. Go down it.,"(Day=1,Hour=6,Minute=0)","(Day=3,Hour=5,Minute=59)",perm.quest.foxwarden,FoxwardenMask,false
q.outskirts.storms,q.outskirts.storms,The Spring That Only Runs in Rain,4,bellwether.outskirts,npc.rainkeeper,"There is a spring on the road that only runs in bad weather, and a song that makes bad weather.","(Day=1,Hour=6,Minute=0)","(Day=3,Hour=5,Minute=59)",perm.quest.stormspring,None,true
q.frostcrown.elder,q.frostcrown.elder,Burying the Elder,5,frostcrown.pass,npc.mountain.elder,The village is burying its elder in weather that will not break. Play for him on the road.,"(Day=1,Hour=6,Minute=0)","(Day=3,Hour=5,Minute=59)",perm.quest.boulderkin,Boulderkin,false
q.frostcrown.frogs,q.frostcrown.frogs,Five Frogs and a Chorus,5,frostcrown.pass,npc.frog.conductor,"Five frogs scattered across the whole map, and a conductor who has been waiting for all of them.","(Day=1,Hour=6,Minute=0)","(Day=3,Hour=5,Minute=59)",perm.quest.chorusmask,ChorusMask,false
q.frostcrown.child,q.frostcrown.child,The Elder's Son,5,frostcrown.pass,npc.mountain.child,"The elder's son will not sleep and will not be quiet. There is a lullaby for that, half-remembered.","(Day=1,Hour=6,Minute=0)","(Day=3,Hour=5,Minute=59)",perm.quest.lullaby,None,false
q.thaw.ranch.night,q.thaw.ranch.night,The Night the Herd Was Taken,7,thaw.fields,npc.ranch.younger,Something comes for the herd on the second night. The younger sister has been telling everyone for days.,"(Day=2,Hour=18,Minute=0)","(Day=2,Hour=5,Minute=59)",perm.quest.ranchmask,RanchMask,false
q.thaw.ranch.race,q.thaw.ranch.race,The Elder Sister's Race,7,thaw.fields,npc.ranch.elder,"Beat the elder sister across the ranch, and she will talk about the brother who left for the carnival.","(Day=1,Hour=6,Minute=0)","(Day=3,Hour=5,Minute=59)",perm.quest.ringleader,RingleaderMask,false
q.thaw.dancer,q.thaw.dancer,Steps Nobody Learned,7,thaw.fields,npc.ghost.dancer,"A ghost on a stone in the fields at midnight, still dancing, with nobody left to teach.","(Day=1,Hour=0,Minute=0)","(Day=3,Hour=5,Minute=59)",perm.quest.dancersmask,DancersMask,false
q.thaw.barrow,q.thaw.barrow,The Bone Captain,10,thaw.fields,npc.bone.captain,The captain in the barrow will not stand down for anyone who has not played him to sleep first.,"(Day=1,Hour=6,Minute=0)","(Day=3,Hour=5,Minute=59)",perm.quest.captainshelm,CaptainsHelm,false
q.tidebreak.guitarist,q.tidebreak.guitarist,The Guitarist on the Shore,8,tidebreak.coast,npc.guitarist,"A musician washed up on the beach, still trying to get back to his band. Play for him.","(Day=1,Hour=6,Minute=0)","(Day=3,Hour=5,Minute=59)",perm.quest.tideborn,Tideborn,false
q.tidebreak.eggs,q.tidebreak.eggs,Seven Eggs and a Lab,9,tidebreak.coast,npc.marine.scientist,"Seven eggs scattered between the pirates' hold and the reef, and a tank at the lab to hatch them in.","(Day=1,Hour=6,Minute=0)","(Day=3,Hour=5,Minute=59)",perm.quest.tidecall,None,false
q.tidebreak.band,q.tidebreak.band,The Band Waits,9,tidebreak.coast,npc.band.leader,"The band has not played since their guitarist drowned, and the carnival is in three days.","(Day=3,Hour=18,Minute=0)","(Day=3,Hour=5,Minute=59)",perm.quest.bandreunion,None,true
q.ashen.watcher,q.ashen.watcher,The Watcher on the Road,10,ashen.canyon,npc.watcher,Something calls itself out of the air on the canyon road and asks whether you are worth the climb.,"(Day=1,Hour=6,Minute=0)","(Day=3,Hour=5,Minute=59)",perm.quest.spectremask,SpectreMask,false
q.ashen.well,q.ashen.well,What the Bandaged Thing Is Owed,11,ashen.keep,npc.well.dweller,"A chain of trades down a dry well, each one paid for with something taken from the last.","(Day=1,Hour=6,Minute=0)","(Day=3,Hour=5,Minute=59)",perm.quest.wrappedmask,WrappedMask,false
q.ashen.king,q.ashen.king,The King Still Holds Court,11,ashen.keep,npc.ashen.king,"A king who refused to end his reign, holding court over a kingdom with nobody left in it.","(Day=1,Hour=6,Minute=0)","(Day=3,Hour=5,Minute=59)",perm.quest.ashenking,None,false
q.ashen.music,q.ashen.music,The Music That Holds the Dead,10,ashen.canyon,npc.organist,"Music is what keeps the canyon standing. Find out who has been playing it, and for how long.","(Day=1,Hour=6,Minute=0)","(Day=3,Hour=5,Minute=59)",perm.quest.canyonmusic,None,true
q.moon.children,q.moon.children,Five Children in a Field,13,moon.field,npc.moon.child,"Five children in masks on the moon, each of whom would rather play a game than let you past.","(Day=1,Hour=6,Minute=0)","(Day=3,Hour=5,Minute=59)",perm.quest.moonchildren,Wrath,false
